[{"ADDRESS":"A-enida Santa Rosa 76","CITY":"Santiago","COMPANY_XRF":"223","COMPANY_ZONE":"S","HQ_COUNTRY":"Chile","HQ_COUNTRY_ISO":"CL","LATITUDE":-35.675147,"LISTING_XRF":"47","LISTING_ZONE":"S","LONGITUDE":-71.542969,"NAME":"ENEL AMERICAS SA","POSTAL_CODE":"8330099","SECTOR":"UTILS","SHARES":28726320758,"SIMILARS_GROUP":"ELECTRIC","USD_CAP":5085102706.776579},{"ADDRESS":"A-enida Presidente -argas 409\/13º Andar","CITY":"Brasilia","COMPANY_XRF":"201","COMPANY_ZONE":"S","HQ_COUNTRY":"Brazil","HQ_COUNTRY_ISO":"BR","LATITUDE":-14.235004,"LISTING_XRF":"344","LISTING_ZONE":"S","LONGITUDE":-51.92528,"NAME":"Centrais Eletricas Brasileiras SA","POSTAL_CODE":"20071","SECTOR":"UTILS","SHARES":225621350.54999998,"SIMILARS_GROUP":"ELECTRIC","USD_CAP":1986792352.8613486},{"ADDRESS":"1398 Avenida Presidente Balmaceda","CITY":"Santiago","COMPANY_XRF":"754","COMPANY_ZONE":"S","HQ_COUNTRY":"Chile","HQ_COUNTRY_ISO":"CL","LATITUDE":-33.432428,"LISTING_XRF":"1063","LISTING_ZONE":"S","LONGITUDE":-70.657026,"NAME":"Aguas Andinas SA","POSTAL_CODE":"","SECTOR":"UTILS","SHARES":2614963687.65,"SIMILARS_GROUP":"WATER UT","USD_CAP":1504223302.2254615},{"ADDRESS":"125, El Golf Avenue","CITY":"Santiago","COMPANY_XRF":"711","COMPANY_ZONE":"S","HQ_COUNTRY":"Chile","HQ_COUNTRY_ISO":"CL","LATITUDE":-35.675147,"LISTING_XRF":"1019","LISTING_ZONE":"S","LONGITUDE":-71.542969,"NAME":"BCO CREDITO INVERS","POSTAL_CODE":"","SECTOR":"FINANCE","SHARES":47562542.65,"SIMILARS_GROUP":"PUR INV","USD_CAP":3212198716.1439104},{"ADDRESS":"El Tro-ador 4285","CITY":"Santiago","COMPANY_XRF":"225","COMPANY_ZONE":"S","HQ_COUNTRY":"Chile","HQ_COUNTRY_ISO":"CL","LATITUDE":-35.675147,"LISTING_XRF":"79","LISTING_ZONE":"S","LONGITUDE":-71.542969,"NAME":"Sociedad Quimica y Minera de Chile SA","POSTAL_CODE":"","SECTOR":"BASICIND","SHARES":120377000,"SIMILARS_GROUP":"MINERALS","USD_CAP":4418379684.813933},{"ADDRESS":"General Anaya No 601 Pte","CITY":"Monterrey","COMPANY_XRF":"906","COMPANY_ZONE":"S","HQ_COUNTRY":"Mexico","HQ_COUNTRY_ISO":"MX","LATITUDE":25.6965321,"LISTING_XRF":"2095","LISTING_ZONE":"S","LONGITUDE":-100.3180743,"NAME":"Fomento Economico Mexicano SAB de CV","POSTAL_CODE":"64410","SECTOR":"CONSTAPL","SHARES":1945059993,"SIMILARS_GROUP":"BEVERAGE","USD_CAP":18541621816.68687},{"ADDRESS":"Avenida Santa Rosa, No. 76","CITY":"Santiago","COMPANY_XRF":"1685","COMPANY_ZONE":"S","HQ_COUNTRY":"Chile","HQ_COUNTRY_ISO":"CL","LATITUDE":-33.4446681,"LISTING_XRF":"2650","LISTING_ZONE":"S","LONGITUDE":-70.6452142,"NAME":"ENEL CHILE SA","POSTAL_CODE":"8330099","SECTOR":"","SHARES":28053632400.4,"SIMILARS_GROUP":"","USD_CAP":2877274115.938963},{"ADDRESS":"Avenida Americo Vespucio Sur 901","CITY":"Santiago","COMPANY_XRF":"793","COMPANY_ZONE":"S","HQ_COUNTRY":"Chile","HQ_COUNTRY_ISO":"CL","LATITUDE":-33.4080713,"LISTING_XRF":"1102","LISTING_ZONE":"S","LONGITUDE":-70.7819198,"NAME":"Latam Airlines Group SA","POSTAL_CODE":"7561114","SECTOR":"TRANSPRT","SHARES":303203846.5,"SIMILARS_GROUP":"AIRLINES","USD_CAP":3168691095.6692677},{"ADDRESS":"Calle Centenario 156","CITY":"Hamilton","COMPANY_XRF":"1056","COMPANY_ZONE":"S","HQ_COUNTRY":"Peru","HQ_COUNTRY_ISO":"PE","LATITUDE":-9.189967,"LISTING_XRF":"14833","LISTING_ZONE":"U","LONGITUDE":-75.015152,"NAME":"Credicorp Ltd.","POSTAL_CODE":"12","SECTOR":"FINANCE","SHARES":67796850,"SIMILARS_GROUP":"BANKS","USD_CAP":15808868986.44104},{"ADDRESS":"Av. Paulista, 1450 - 1º anda","CITY":"Osasco","COMPANY_XRF":"193","COMPANY_ZONE":"S","HQ_COUNTRY":"Brazil","HQ_COUNTRY_ISO":"BR","LATITUDE":-23.5622974,"LISTING_XRF":"336","LISTING_ZONE":"S","LONGITUDE":-46.65512,"NAME":"Banco Bradesco SA","POSTAL_CODE":"01310-917","SECTOR":"FINANCE","SHARES":4031914646,"SIMILARS_GROUP":"BANKS","USD_CAP":35728842410.89889},{"ADDRESS":"Insurgentes 3500","CITY":"Mexico","COMPANY_XRF":"843","COMPANY_ZONE":"S","HQ_COUNTRY":"Mexico","HQ_COUNTRY_ISO":"MX","LATITUDE":19.2984989,"LISTING_XRF":"1275","LISTING_ZONE":"S","LONGITUDE":-99.1835024,"NAME":"Grupo Carso SAB de CV","POSTAL_CODE":"11520","SECTOR":"CONSDIS","SHARES":456307734.8,"SIMILARS_GROUP":"AUTOPART","USD_CAP":1730733942.7148364},{"ADDRESS":"Rua Coelho e Castro, 60","CITY":"Rio de Janeiro","COMPANY_XRF":"559","COMPANY_ZONE":"S","HQ_COUNTRY":"Brazil","HQ_COUNTRY_ISO":"BR","LATITUDE":-22.8972387,"LISTING_XRF":"785","LISTING_ZONE":"S","LONGITUDE":-43.1842723,"NAME":"LOJAS AMERICANAS","POSTAL_CODE":"20081-260","SECTOR":"CONSDIS","SHARES":742497233.8,"SIMILARS_GROUP":"RTL DEPT","USD_CAP":2899249923.7855663},{"ADDRESS":"A- Ricardo Margain Zozaya","CITY":"Garza Garcia","COMPANY_XRF":"3","COMPANY_ZONE":"S","HQ_COUNTRY":"Mexico","HQ_COUNTRY_ISO":"MX","LATITUDE":25.650348,"LISTING_XRF":"2093","LISTING_ZONE":"S","LONGITUDE":-100.3502554,"NAME":"CEMEX SAB DE CV","POSTAL_CODE":"64000","SECTOR":"BASICIND","SHARES":15137459907,"SIMILARS_GROUP":"CNST MAT","USD_CAP":7309689604.1383505},{"ADDRESS":"Bosque de Cidros No. 173","CITY":"Mexico","COMPANY_XRF":"166","COMPANY_ZONE":"S","HQ_COUNTRY":"Mexico","HQ_COUNTRY_ISO":"MX","LATITUDE":19.389468,"LISTING_XRF":"306","LISTING_ZONE":"S","LONGITUDE":-99.2519105,"NAME":"PROMOTORA Y OPERADORA DE INFRAESTRUCTURA SAB DE CV","POSTAL_CODE":"05120","SECTOR":"INDUSTRY","SHARES":228074113.79999998,"SIMILARS_GROUP":"CONSTRUC","USD_CAP":2241801281.86944},{"ADDRESS":"Pca Alfredo Egydio de Souza Aranha, 100","CITY":"S?o Paulo","COMPANY_XRF":"203","COMPANY_ZONE":"S","HQ_COUNTRY":"Brazil","HQ_COUNTRY_ISO":"BR","LATITUDE":-14.235004,"LISTING_XRF":"346","LISTING_ZONE":"S","LONGITUDE":-51.92528,"NAME":"Itausa - Investimentos Itau SA","POSTAL_CODE":"04344-902","SECTOR":"BASICIND","SHARES":4416686676,"SIMILARS_GROUP":"BLDG MAT","USD_CAP":12900961931.76307},{"ADDRESS":"Carrera 13 No 27-47","CITY":"Bogota","COMPANY_XRF":"1612","COMPANY_ZONE":"S","HQ_COUNTRY":"Colombia","HQ_COUNTRY_ISO":"CO","LATITUDE":4.570868,"LISTING_XRF":"2551","LISTING_ZONE":"S","LONGITUDE":-74.297333,"NAME":"GRUPO AVAL ACCIONES Y VALORES SA","POSTAL_CODE":"","SECTOR":"FINANCE","SHARES":3911132634.7500005,"SIMILARS_GROUP":"BANKS","USD_CAP":1609817878.45115},{"ADDRESS":"A-enue Gomez Morin Sur No 1111","CITY":"Garza Garcia","COMPANY_XRF":"16","COMPANY_ZONE":"S","HQ_COUNTRY":"Mexico","HQ_COUNTRY_ISO":"MX","LATITUDE":23.634501,"LISTING_XRF":"33","LISTING_ZONE":"S","LONGITUDE":-102.552784,"NAME":"ALFA SAB DE CV","POSTAL_CODE":"66200","SECTOR":"CONSTAPL","SHARES":3033066612,"SIMILARS_GROUP":"PRP FOOD","USD_CAP":3222185648.116225},{"ADDRESS":"A-enida Mariano Escobedo 425","CITY":"Cuajimalpa","COMPANY_XRF":"28","COMPANY_ZONE":"S","HQ_COUNTRY":"Mexico","HQ_COUNTRY_ISO":"MX","LATITUDE":23.634501,"LISTING_XRF":"52","LISTING_ZONE":"S","LONGITUDE":-102.552784,"NAME":"EL PUERTO DE LIVERPOOL SAB DE CV","POSTAL_CODE":"05109","SECTOR":"CONSDIS","SHARES":187573795,"SIMILARS_GROUP":"RTL DEPT","USD_CAP":1191756187.161278},{"ADDRESS":"26, Av. Graca Aranha","CITY":"Rio De Janeiro","COMPANY_XRF":"199","COMPANY_ZONE":"S","HQ_COUNTRY":"Brazil","HQ_COUNTRY_ISO":"BR","LATITUDE":-23.002799,"LISTING_XRF":"629","LISTING_ZONE":"S","LONGITUDE":-43.32168040000001,"NAME":"VALE SA","POSTAL_CODE":"20005-900","SECTOR":"BASICIND","SHARES":3170684869.2,"SIMILARS_GROUP":"MINERALS","USD_CAP":41135233194.19335},{"ADDRESS":"","CITY":"","COMPANY_XRF":"58","COMPANY_ZONE":"S","HQ_COUNTRY":"Mexico","HQ_COUNTRY_ISO":"MX","LATITUDE":22.7741439,"LISTING_XRF":"107","LISTING_ZONE":"S","LONGITUDE":-102.573615,"NAME":"Banco Santander Mexico SA Institucion de Banca Multiple Grupo Financiero Santand","POSTAL_CODE":"","SECTOR":"FINANCE","SHARES":1827476866.6000001,"SIMILARS_GROUP":"BANKS","USD_CAP":3096827603.0081415},{"ADDRESS":"A-. Insurgentes Sur No 3500","CITY":"Mexico","COMPANY_XRF":"93","COMPANY_ZONE":"S","HQ_COUNTRY":"Mexico","HQ_COUNTRY_ISO":"MX","LATITUDE":19.2975994,"LISTING_XRF":"190","LISTING_ZONE":"S","LONGITUDE":-99.18401949999999,"NAME":"GRUPO FINANCIERO INBURSA SAB DE CV","POSTAL_CODE":"11000","SECTOR":"FINANCE","SHARES":2324430752,"SIMILARS_GROUP":"BANKS","USD_CAP":3519427282.989792},{"ADDRESS":"A-enida Mariano Otero No 1249-B","CITY":"Guadalajara","COMPANY_XRF":"1456","COMPANY_ZONE":"S","HQ_COUNTRY":"Mexico","HQ_COUNTRY_ISO":"MX","LATITUDE":20.6554435,"LISTING_XRF":"2239","LISTING_ZONE":"S","LONGITUDE":-103.3893452,"NAME":"GRUPO AEROPORTUARIO DEL PACIFICO SAB DE CV","POSTAL_CODE":"44530","SECTOR":"TRANSPRT","SHARES":357637500,"SIMILARS_GROUP":"AIRLINES","USD_CAP":3674046132.015342},{"ADDRESS":"A-enida Prefeito Waldemar Grubba No 3000","CITY":"Jaragua do Sul","COMPANY_XRF":"707","COMPANY_ZONE":"S","HQ_COUNTRY":"Brazil","HQ_COUNTRY_ISO":"BR","LATITUDE":-26.4784793,"LISTING_XRF":"1013","LISTING_ZONE":"S","LONGITUDE":-49.0451856,"NAME":"WEG SA","POSTAL_CODE":"89256-900","SECTOR":"INDUSTRY","SHARES":839463599.6,"SIMILARS_GROUP":"ELCT MCH","USD_CAP":3980582777.9495983},{"ADDRESS":"Ahumada 251","CITY":"Santiago","COMPANY_XRF":"715","COMPANY_ZONE":"S","HQ_COUNTRY":"Chile","HQ_COUNTRY_ISO":"CL","LATITUDE":-33.440187,"LISTING_XRF":"1959","LISTING_ZONE":"S","LONGITUDE":-70.6507987,"NAME":"BANCO DE CHILE","POSTAL_CODE":"","SECTOR":"FINANCE","SHARES":25254270279,"SIMILARS_GROUP":"BANKS","USD_CAP":3775746645.904351},{"ADDRESS":"A-enue Republic Of Chile","CITY":"Rio de Janeiro","COMPANY_XRF":"205","COMPANY_ZONE":"S","HQ_COUNTRY":"Brazil","HQ_COUNTRY_ISO":"BR","LATITUDE":-14.235004,"LISTING_XRF":"348","LISTING_ZONE":"S","LONGITUDE":-51.92528,"NAME":"PETROL BRASILEIROS","POSTAL_CODE":"20031-912","SECTOR":"ENERGY","SHARES":3921429951.6,"SIMILARS_GROUP":"INTG OIL","USD_CAP":27212728394.327545},{"ADDRESS":"Agustinas 1382","CITY":"Santiago","COMPANY_XRF":"215","COMPANY_ZONE":"S","HQ_COUNTRY":"Chile","HQ_COUNTRY_ISO":"CL","LATITUDE":-33.4412626,"LISTING_XRF":"358","LISTING_ZONE":"S","LONGITUDE":-70.6561135,"NAME":"CIA DE PETROLEOS DE CHILE SA (COPEC)","POSTAL_CODE":" ","SECTOR":"ENERGY","SHARES":389956154.4,"SIMILARS_GROUP":"OIL RFNG","USD_CAP":5014034074.294052},{"ADDRESS":"Calzada Legaria 549","CITY":"Mexico","COMPANY_XRF":"1054","COMPANY_ZONE":"S","HQ_COUNTRY":"Mexico","HQ_COUNTRY_ISO":"MX","LATITUDE":19.4478241,"LISTING_XRF":"1502","LISTING_ZONE":"S","LONGITUDE":-99.206976,"NAME":"Industrias Penoles SAB de CV","POSTAL_CODE":"11250","SECTOR":"BASICIND","SHARES":139116510.4,"SIMILARS_GROUP":"COPPER","USD_CAP":1655212474.0591452},{"ADDRESS":"1665 Rosas","CITY":"Santiago","COMPANY_XRF":"1114","COMPANY_ZONE":"S","HQ_COUNTRY":"Chile","HQ_COUNTRY_ISO":"CL","LATITUDE":-33.435814,"LISTING_XRF":"1672","LISTING_ZONE":"S","LONGITUDE":-70.66089099999999,"NAME":"SACI FALABELLA","POSTAL_CODE":"","SECTOR":"CONSTAPL","SHARES":752653388.6999999,"SIMILARS_GROUP":"GROCERY","USD_CAP":5637571864.211507},{"ADDRESS":"A- Farrapos 1811","CITY":"Porto Alegre","COMPANY_XRF":"388","COMPANY_ZONE":"S","HQ_COUNTRY":"Brazil","HQ_COUNTRY_ISO":"BR","LATITUDE":-30.0157233,"LISTING_XRF":"561","LISTING_ZONE":"S","LONGITUDE":-51.2061212,"NAME":"GERDAU SA SIDERURG","POSTAL_CODE":"23565-230","SECTOR":"BASICIND","SHARES":1031428120.5,"SIMILARS_GROUP":"STEEL PR","USD_CAP":3899632478.0676823},{"ADDRESS":"647 Manuel A-ila Camacho Bl-d Col Periodistas","CITY":"Mexico","COMPANY_XRF":"2","COMPANY_ZONE":"S","HQ_COUNTRY":"Mexico","HQ_COUNTRY_ISO":"MX","LATITUDE":23.634501,"LISTING_XRF":"1631","LISTING_ZONE":"S","LONGITUDE":-102.552784,"NAME":"WAL-MART DE MEXICO SAB DE CV","POSTAL_CODE":"02770","SECTOR":"CONSDIS","SHARES":5238420789.3,"SIMILARS_GROUP":"RTL DEPT","USD_CAP":15603147789.485899},{"ADDRESS":"-itacura 2670","CITY":"Santiago","COMPANY_XRF":"213","COMPANY_ZONE":"S","HQ_COUNTRY":"Chile","HQ_COUNTRY_ISO":"CL","LATITUDE":-33.4159566,"LISTING_XRF":"356","LISTING_ZONE":"S","LONGITUDE":-70.6046619,"NAME":"Cia Cervecerias Unidas SA","POSTAL_CODE":"6500662","SECTOR":"CONSTAPL","SHARES":147801148.8,"SIMILARS_GROUP":"BEVERAGE","USD_CAP":2116158177.2677329},{"ADDRESS":"8 Jaime Balmes street, 9th Floor, Los Morales Polanco","CITY":"Mexico","COMPANY_XRF":"17","COMPANY_ZONE":"S","HQ_COUNTRY":"Mexico","HQ_COUNTRY_ISO":"MX","LATITUDE":19.438029,"LISTING_XRF":"34","LISTING_ZONE":"S","LONGITUDE":-99.2096859,"NAME":"KIMBERLY-CLARK DE MEXICO SAB DE CV","POSTAL_CODE":"11510","SECTOR":"BASICIND","SHARES":1524216739.35,"SIMILARS_GROUP":"PAPRPROD","USD_CAP":2722890869.0065784},{"ADDRESS":"Agustinas 1343","CITY":"Santiago","COMPANY_XRF":"216","COMPANY_ZONE":"S","HQ_COUNTRY":"Chile","HQ_COUNTRY_ISO":"CL","LATITUDE":-33.44111420000001,"LISTING_XRF":"359","LISTING_ZONE":"S","LONGITUDE":-70.6557145,"NAME":"Empresas CMPC SA","POSTAL_CODE":"650 0587","SECTOR":"BASICIND","SHARES":1250000000,"SIMILARS_GROUP":"LUMBER","USD_CAP":4236344191.6855946},{"ADDRESS":"A- Barbacena 1200-7 Andar-Ala B1","CITY":"Belo Horizonte","COMPANY_XRF":"418","COMPANY_ZONE":"S","HQ_COUNTRY":"Brazil","HQ_COUNTRY_ISO":"BR","LATITUDE":-14.235004,"LISTING_XRF":"601","LISTING_ZONE":"S","LONGITUDE":-51.92528,"NAME":"Cia Energetica de Minas Gerais","POSTAL_CODE":"30123-970","SECTOR":"UTILS","SHARES":874024549.2,"SIMILARS_GROUP":"ELECTRIC","USD_CAP":3163055288.6408687},{"ADDRESS":"A-brigadeiro Faria Lima 3400","CITY":"Itaim Bibi","COMPANY_XRF":"450","COMPANY_ZONE":"S","HQ_COUNTRY":"Brazil","HQ_COUNTRY_ISO":"BR","LATITUDE":-23.5860222,"LISTING_XRF":"642","LISTING_ZONE":"S","LONGITUDE":-46.6834275,"NAME":"Cia Siderurgica Nacional SA","POSTAL_CODE":"04538","SECTOR":"BASICIND","SHARES":624385821.15,"SIMILARS_GROUP":"MINERALS","USD_CAP":2346471913.228239},{"ADDRESS":"R Do Comercio 1924","CITY":"Franca","COMPANY_XRF":"1652","COMPANY_ZONE":"S","HQ_COUNTRY":"Brazil","HQ_COUNTRY_ISO":"BR","LATITUDE":-14.235004,"LISTING_XRF":"2603","LISTING_ZONE":"S","LONGITUDE":-51.92528,"NAME":"Magazine Luiza SA","POSTAL_CODE":"02051-000","SECTOR":"CONSDIS","SHARES":76236585.60000001,"SIMILARS_GROUP":"RTL DEPT","USD_CAP":3223615452.2282834},{"ADDRESS":"Carlos -illaran 790","CITY":"Lima","COMPANY_XRF":"853","COMPANY_ZONE":"S","HQ_COUNTRY":"Peru","HQ_COUNTRY_ISO":"PE","LATITUDE":-9.189967,"LISTING_XRF":"16543","LISTING_ZONE":"U","LONGITUDE":-75.015152,"NAME":"Cia de Minas Buenaventura SA","POSTAL_CODE":"13","SECTOR":"BASICIND","SHARES":177600633,"SIMILARS_GROUP":"COPPER","USD_CAP":2765241801.610588},{"ADDRESS":"A-enida Brigadeiro Luis Antonio 1343","CITY":"Sao Paula","COMPANY_XRF":"1254","COMPANY_ZONE":"S","HQ_COUNTRY":"Brazil","HQ_COUNTRY_ISO":"BR","LATITUDE":-23.561059,"LISTING_XRF":"1881","LISTING_ZONE":"S","LONGITUDE":-46.6434103,"NAME":"Ultrapar Participacoes SA","POSTAL_CODE":"01317-910","SECTOR":"ENERGY","SHARES":723326624.8000001,"SIMILARS_GROUP":"OIL SRVC","USD_CAP":4059151603.4915113},{"ADDRESS":"Av das Nacoes Unidas, 4777","CITY":"Butanta","COMPANY_XRF":"200","COMPANY_ZONE":"S","HQ_COUNTRY":"Brazil","HQ_COUNTRY_ISO":"BR","LATITUDE":-23.5510944,"LISTING_XRF":"343","LISTING_ZONE":"S","LONGITUDE":-46.7218187,"NAME":"BRASKEM S.A.","POSTAL_CODE":"05477-000","SECTOR":"BASICIND","SHARES":172524836,"SIMILARS_GROUP":"CHEMICAL","USD_CAP":2125702196.3730478},{"ADDRESS":"Correia Vasques, 250","CITY":"Rio de Janeiro","COMPANY_XRF":"609","COMPANY_ZONE":"S","HQ_COUNTRY":"Brazil","HQ_COUNTRY_ISO":"BR","LATITUDE":-22.9106895,"LISTING_XRF":"859","LISTING_ZONE":"S","LONGITUDE":-43.20145309999999,"NAME":"PETROBRAS DISTRIBUIDORA SA","POSTAL_CODE":"20211-140","SECTOR":"","SHARES":349500000,"SIMILARS_GROUP":"","USD_CAP":2050589283.4173915},{"ADDRESS":"401, Av. Joaquim Porto Villanova","CITY":"Porto Alegre","COMPANY_XRF":"560","COMPANY_ZONE":"S","HQ_COUNTRY":"Brazil","HQ_COUNTRY_ISO":"BR","LATITUDE":-30.0515681,"LISTING_XRF":"787","LISTING_ZONE":"S","LONGITUDE":-51.1589195,"NAME":"Lojas Renner SA","POSTAL_CODE":"91010-000","SECTOR":"CONSDIS","SHARES":720024498,"SIMILARS_GROUP":"RTL SPEC","USD_CAP":7957419034.290316},{"ADDRESS":"Praca Antonio Prado 48","CITY":"S?o Paulo","COMPANY_XRF":"1542","COMPANY_ZONE":"S","HQ_COUNTRY":"Brazil","HQ_COUNTRY_ISO":"BR","LATITUDE":-23.5455387,"LISTING_XRF":"2382","LISTING_ZONE":"S","LONGITUDE":-46.63442420000001,"NAME":"B3 SA - BRASIL BOLSA BALCAO","POSTAL_CODE":"01010-010","SECTOR":"FINANCE","SHARES":2059138490,"SIMILARS_GROUP":"TRADING","USD_CAP":16637954700.71621},{"ADDRESS":"A- Brigadeiro Faria Lima 3600","CITY":"S?o Paulo","COMPANY_XRF":"1227","COMPANY_ZONE":"S","HQ_COUNTRY":"Brazil","HQ_COUNTRY_ISO":"BR","LATITUDE":-23.588451,"LISTING_XRF":"2636","LISTING_ZONE":"S","LONGITUDE":-46.6825621,"NAME":"KLABIN SA","POSTAL_CODE":"01075-900","SECTOR":"BASICIND","SHARES":704356107.4,"SIMILARS_GROUP":"PAPRPROD","USD_CAP":2885697595.803521},{"ADDRESS":"SBS Ed Sede III-17 Andar","CITY":"Brasilia","COMPANY_XRF":"194","COMPANY_ZONE":"S","HQ_COUNTRY":"Brazil","HQ_COUNTRY_ISO":"BR","LATITUDE":-15.7983323,"LISTING_XRF":"964","LISTING_ZONE":"S","LONGITUDE":-47.8824364,"NAME":"Banco do Brasil SA","POSTAL_CODE":"70073-901","SECTOR":"FINANCE","SHARES":859625106,"SIMILARS_GROUP":"BANKS","USD_CAP":10508948297.568882},{"ADDRESS":"Corporativo Bimbo, S.A. de C.V.","CITY":"Mexico","COMPANY_XRF":"1055","COMPANY_ZONE":"S","HQ_COUNTRY":"Mexico","HQ_COUNTRY_ISO":"MX","LATITUDE":19.3730308,"LISTING_XRF":"1504","LISTING_ZONE":"S","LONGITUDE":-99.2616978,"NAME":"GRUPO BIMBO SAB DE CV","POSTAL_CODE":"01210","SECTOR":"CONSTAPL","SHARES":1646120089.6,"SIMILARS_GROUP":"FOOD","USD_CAP":3520106373.471174},{"ADDRESS":"Blvd Manuel Avila Camacho Ste 40 6th Flr","CITY":"Lomas de Chapultepec","COMPANY_XRF":"1398","COMPANY_ZONE":"S","HQ_COUNTRY":"Mexico","HQ_COUNTRY_ISO":"MX","LATITUDE":23.634501,"LISTING_XRF":"2096","LISTING_ZONE":"S","LONGITUDE":-102.552784,"NAME":"GRUPO AEROPORTUARIO DEL SURESTE SAB DE CV","POSTAL_CODE":"05120","SECTOR":"TRANSPRT","SHARES":207787500,"SIMILARS_GROUP":"AIRCARGO","USD_CAP":3350301555.2138867},{"ADDRESS":"14th floor","CITY":"Santiago","COMPANY_XRF":"220","COMPANY_ZONE":"S","HQ_COUNTRY":"Chile","HQ_COUNTRY_ISO":"CL","LATITUDE":-35.675147,"LISTING_XRF":"363","LISTING_ZONE":"S","LONGITUDE":-71.542969,"NAME":"ENTEL Chile SA","POSTAL_CODE":"834-0518","SECTOR":"TELECOMM","SHARES":151008556.5,"SIMILARS_GROUP":"LONGDIST","USD_CAP":1589568525.1171017},{"ADDRESS":"A-. das Américas, 4200\/Bloco 2","CITY":"Rio de Janeiro","COMPANY_XRF":"1549","COMPANY_ZONE":"S","HQ_COUNTRY":"Brazil","HQ_COUNTRY_ISO":"BR","LATITUDE":-22.9993849,"LISTING_XRF":"2405","LISTING_ZONE":"S","LONGITUDE":-43.35343,"NAME":"Multiplan Empreendimentos Imobiliarios SA","POSTAL_CODE":"22640-102","SECTOR":"REALEST","SHARES":282592917,"SIMILARS_GROUP":"REALPROP","USD_CAP":1669466194.0071948},{"ADDRESS":"A-enida 11 de Septiembre 2355","CITY":"Santiago","COMPANY_XRF":"750","COMPANY_ZONE":"S","HQ_COUNTRY":"Chile","HQ_COUNTRY_ISO":"CL","LATITUDE":-33.4126839,"LISTING_XRF":"1059","LISTING_ZONE":"S","LONGITUDE":-70.5797918,"NAME":"COLBUN SA","POSTAL_CODE":"","SECTOR":"UTILS","SHARES":7891275474,"SIMILARS_GROUP":"ELECTRIC","USD_CAP":1805122403.3698416},{"ADDRESS":"A- Brigadeiro Faria Lima","CITY":"S?o Jose dos Campos","COMPANY_XRF":"488","COMPANY_ZONE":"S","HQ_COUNTRY":"Brazil","HQ_COUNTRY_ISO":"BR","LATITUDE":-23.2279589,"LISTING_XRF":"1244","LISTING_ZONE":"S","LONGITUDE":-45.8572695,"NAME":"Embraer SA","POSTAL_CODE":"04543-907","SECTOR":"INDUSTRY","SHARES":666418539.6,"SIMILARS_GROUP":"AIRCFT C","USD_CAP":3288121511.131308},{"ADDRESS":"Rua Beatriz Larragoiti Lucas 121","CITY":"Rio de Janeiro","COMPANY_XRF":"1592","COMPANY_ZONE":"S","HQ_COUNTRY":"Brazil","HQ_COUNTRY_ISO":"BR","LATITUDE":-22.911717,"LISTING_XRF":"2462","LISTING_ZONE":"S","LONGITUDE":-43.2082561,"NAME":"Sul America SA","POSTAL_CODE":"20091-005","SECTOR":"FINANCE","SHARES":204548171.79999998,"SIMILARS_GROUP":"INS LIFE","USD_CAP":1589133313.4991722},{"ADDRESS":"A-enida Das Americas","CITY":"Curitiba","COMPANY_XRF":"1099","COMPANY_ZONE":"S","HQ_COUNTRY":"Brazil","HQ_COUNTRY_ISO":"BR","LATITUDE":-14.235004,"LISTING_XRF":"1649","LISTING_ZONE":"S","LONGITUDE":-51.92528,"NAME":"TIM PARTICIPACOES SA","POSTAL_CODE":"22640","SECTOR":"TELECOMM","SHARES":847361367.65,"SIMILARS_GROUP":"PHONE","USD_CAP":2605828042.3473845},{"ADDRESS":"Rua Costa Car-alho 300","CITY":"S?o Paulo","COMPANY_XRF":"1085","COMPANY_ZONE":"S","HQ_COUNTRY":"Brazil","HQ_COUNTRY_ISO":"BR","LATITUDE":-14.235004,"LISTING_XRF":"1624","LISTING_ZONE":"S","LONGITUDE":-51.92528,"NAME":"Cia de Saneamento Basico do Estado de Sao Paulo","POSTAL_CODE":"05429-900","SECTOR":"UTILS","SHARES":341754934.5,"SIMILARS_GROUP":"WATER UT","USD_CAP":3595436665.632386},{"ADDRESS":"A-enida -asco De Quiroga No 2000","CITY":"Mexico","COMPANY_XRF":"13","COMPANY_ZONE":"S","HQ_COUNTRY":"Mexico","HQ_COUNTRY_ISO":"MX","LATITUDE":19.3774939,"LISTING_XRF":"30","LISTING_ZONE":"S","LONGITUDE":-99.2505889,"NAME":"GRUPO TELEVISA SAB","POSTAL_CODE":"01210","SECTOR":"CONSDIS","SHARES":2445199225.9,"SIMILARS_GROUP":"CABLE TV","USD_CAP":5125642654.8981285},{"ADDRESS":"Calle 50 No 51 66","CITY":"Medellin","COMPANY_XRF":"641","COMPANY_ZONE":"S","HQ_COUNTRY":"Colombia","HQ_COUNTRY_ISO":"CO","LATITUDE":6.2500959,"LISTING_XRF":"1252","LISTING_ZONE":"S","LONGITUDE":-75.5691604,"NAME":"BANCOLOMBIA SA","POSTAL_CODE":"","SECTOR":"FINANCE","SHARES":229367062.8,"SIMILARS_GROUP":"BANKS","USD_CAP":2960495427.974702},{"ADDRESS":"Av Baja California No 200","CITY":"Mexico","COMPANY_XRF":"908","COMPANY_ZONE":"S","HQ_COUNTRY":"Mexico","HQ_COUNTRY_ISO":"MX","LATITUDE":19.4056776,"LISTING_XRF":"1285","LISTING_ZONE":"S","LONGITUDE":-99.16646689999999,"NAME":"GRUPO MEXICO SAB DE CV","POSTAL_CODE":"06760","SECTOR":"BASICIND","SHARES":3503250000,"SIMILARS_GROUP":"MINERALS","USD_CAP":10843362651.808758},{"ADDRESS":"Alameda Grajau 219","CITY":"Barueri","COMPANY_XRF":"1546","COMPANY_ZONE":"S","HQ_COUNTRY":"Brazil","HQ_COUNTRY_ISO":"BR","LATITUDE":-23.4965754,"LISTING_XRF":"2402","LISTING_ZONE":"S","LONGITUDE":-46.8471498,"NAME":"CIELO SA","POSTAL_CODE":"06454-050","SECTOR":"TECH","SHARES":1222566777.45,"SIMILARS_GROUP":"SOFTWARE","USD_CAP":2479650523.3400993},{"ADDRESS":"A-. Paulista, 2073 Ed. Horsa I -Cj.1318","CITY":"Sao Paulo","COMPANY_XRF":"1547","COMPANY_ZONE":"S","HQ_COUNTRY":"Brazil","HQ_COUNTRY_ISO":"BR","LATITUDE":-14.235004,"LISTING_XRF":"2403","LISTING_ZONE":"S","LONGITUDE":-51.92528,"NAME":"HYPERA SA","POSTAL_CODE":"01311-940","SECTOR":"HEALTH","SHARES":347730933,"SIMILARS_GROUP":"DRUGS","USD_CAP":2211692950.1222997},{"ADDRESS":"Calle 7D 43A-99","CITY":"Medellin","COMPANY_XRF":"929","COMPANY_ZONE":"S","HQ_COUNTRY":"Colombia","HQ_COUNTRY_ISO":"CO","LATITUDE":6.208597699999999,"LISTING_XRF":"1327","LISTING_ZONE":"S","LONGITUDE":-75.57253299999999,"NAME":"Grupo Argos SA\/Colombia","POSTAL_CODE":"","SECTOR":"BASICIND","SHARES":290430000,"SIMILARS_GROUP":"CNST MAT","USD_CAP":1635243331.5624964},{"ADDRESS":"Bandera 140","CITY":"Santiago","COMPANY_XRF":"713","COMPANY_ZONE":"S","HQ_COUNTRY":"Chile","HQ_COUNTRY_ISO":"CL","LATITUDE":-33.4415591,"LISTING_XRF":"1658","LISTING_ZONE":"S","LONGITUDE":-70.6524031,"NAME":"BANCO SANTANDER CHILE","POSTAL_CODE":"14437","SECTOR":"FINANCE","SHARES":65956144377.899994,"SIMILARS_GROUP":"BANKS","USD_CAP":4829943627.789144},{"ADDRESS":"A- Brigadeiro Luiz Antonio 3172","CITY":"S?o Paulo","COMPANY_XRF":"1072","COMPANY_ZONE":"S","HQ_COUNTRY":"Brazil","HQ_COUNTRY_ISO":"BR","LATITUDE":-23.5733569,"LISTING_XRF":"1709","LISTING_ZONE":"S","LONGITUDE":-46.6554859,"NAME":"CIA BRASILEIRA DE DISTRIBUICAO","POSTAL_CODE":"01402-000","SECTOR":"CONSTAPL","SHARES":158782950.6,"SIMILARS_GROUP":"GROCERY","USD_CAP":3856153517.330544},{"ADDRESS":"1150 N 7th Ave","CITY":"Phoenix","COMPANY_XRF":"9783","COMPANY_ZONE":"U","HQ_COUNTRY":"United States","HQ_COUNTRY_ISO":"US","LATITUDE":0,"LISTING_XRF":"10663","LISTING_ZONE":"U","LONGITUDE":0,"NAME":"SOUTHERN COPPER CORP","POSTAL_CODE":"85014","SECTOR":"BASICIND","SHARES":85034891.59,"SIMILARS_GROUP":"COPPER","USD_CAP":3426906066.200526},{"ADDRESS":"Rua Antonio Dib Mussi","CITY":"Florianopolis","COMPANY_XRF":"1157","COMPANY_ZONE":"S","HQ_COUNTRY":"Brazil","HQ_COUNTRY_ISO":"BR","LATITUDE":-27.5928388,"LISTING_XRF":"1729","LISTING_ZONE":"S","LONGITUDE":-48.5504138,"NAME":"ENGIE BRASIL ENERGIA SA","POSTAL_CODE":"88015-110","SECTOR":"UTILS","SHARES":203981935,"SIMILARS_GROUP":"ELECTRIC","USD_CAP":2210477261.9933257},{"ADDRESS":"Alexandre Colares Avenue, 1188","CITY":"Itapecerica da Serra","COMPANY_XRF":"1440","COMPANY_ZONE":"S","HQ_COUNTRY":"Brazil","HQ_COUNTRY_ISO":"BR","LATITUDE":-23.5105619,"LISTING_XRF":"2163","LISTING_ZONE":"S","LONGITUDE":-46.7342439,"NAME":"Natura Cosmeticos SA","POSTAL_CODE":"05106-000","SECTOR":"CONSDIS","SHARES":194057668.8,"SIMILARS_GROUP":"COSMETIC","USD_CAP":2186361829.84042},{"ADDRESS":"660 Rosario Norte","CITY":"Huechuraba","COMPANY_XRF":"1434","COMPANY_ZONE":"S","HQ_COUNTRY":"Chile","HQ_COUNTRY_ISO":"CL","LATITUDE":-35.675147,"LISTING_XRF":"2156","LISTING_ZONE":"S","LONGITUDE":-71.542969,"NAME":"ITAU CORPBANCA","POSTAL_CODE":"834 0518","SECTOR":"FINANCE","SHARES":153722028027.3,"SIMILARS_GROUP":"BANKS","USD_CAP":1385636804.8709915},{"ADDRESS":"A-. Paseo de la Reforma 222 3er piso","CITY":"Hipodromo Condesa","COMPANY_XRF":"1314","COMPANY_ZONE":"S","HQ_COUNTRY":"Mexico","HQ_COUNTRY_ISO":"MX","LATITUDE":19.3610936,"LISTING_XRF":"1978","LISTING_ZONE":"S","LONGITUDE":-99.18974639999999,"NAME":"ALSEA SAB DE CV","POSTAL_CODE":"06170","SECTOR":"CONSTAPL","SHARES":501384109.2,"SIMILARS_GROUP":"FOOD","USD_CAP":1170605389.6768947},{"ADDRESS":"A- El Golf 40 Piso 4","CITY":"Santiago","COMPANY_XRF":"765","COMPANY_ZONE":"S","HQ_COUNTRY":"Chile","HQ_COUNTRY_ISO":"CL","LATITUDE":-33.4158352,"LISTING_XRF":"2092","LISTING_ZONE":"S","LONGITUDE":-70.5918927,"NAME":"EMBOTELLADORA ANDINA S A","POSTAL_CODE":"","SECTOR":"CONSTAPL","SHARES":354960977.25,"SIMILARS_GROUP":"BEVERAGE","USD_CAP":1298409312.4789271},{"ADDRESS":"Alameda Santos 787 1st Floor","CITY":"Belo Horizonte","COMPANY_XRF":"1616","COMPANY_ZONE":"S","HQ_COUNTRY":"Brazil","HQ_COUNTRY_ISO":"BR","LATITUDE":-23.5640847,"LISTING_XRF":"2559","LISTING_ZONE":"S","LONGITUDE":-46.6523858,"NAME":"Kroton Educacional SA","POSTAL_CODE":"01310-100","SECTOR":"","SHARES":1397610975.1,"SIMILARS_GROUP":"","USD_CAP":3562791052.032464},{"ADDRESS":"Banco do Brasil Building","CITY":"Brasilia","COMPANY_XRF":"1668","COMPANY_ZONE":"S","HQ_COUNTRY":"Brazil","HQ_COUNTRY_ISO":"BR","LATITUDE":-14.235004,"LISTING_XRF":"2626","LISTING_ZONE":"S","LONGITUDE":-51.92528,"NAME":"BB SEGURIDADE PART","POSTAL_CODE":"073-900","SECTOR":"","SHARES":700000000,"SIMILARS_GROUP":"","USD_CAP":4884197971.318643},{"ADDRESS":"A-enida Coronel Colares Moreira 477","CITY":"Brasilia","COMPANY_XRF":"1469","COMPANY_ZONE":"S","HQ_COUNTRY":"Brazil","HQ_COUNTRY_ISO":"BR","LATITUDE":-14.235004,"LISTING_XRF":"2327","LISTING_ZONE":"S","LONGITUDE":-51.92528,"NAME":"Equatorial Energia SA","POSTAL_CODE":"02430-041","SECTOR":"UTILS","SHARES":168954259.45,"SIMILARS_GROUP":"ELECTRIC","USD_CAP":3417813495.551917},{"ADDRESS":"Calle 12 Sur 18 - 168","CITY":"Medellin","COMPANY_XRF":"1438","COMPANY_ZONE":"S","HQ_COUNTRY":"Colombia","HQ_COUNTRY_ISO":"CO","LATITUDE":6.188429999999999,"LISTING_XRF":"2161","LISTING_ZONE":"S","LONGITUDE":-75.5585749,"NAME":"INTERCONEXION ELECTRICA SA ESP","POSTAL_CODE":"50022","SECTOR":"UTILS","SHARES":443071157.6,"SIMILARS_GROUP":"ELECTRIC","USD_CAP":2241311722.204031},{"ADDRESS":"Av. Pres. Juscelino Kubitschek, 1327","CITY":"Piracicaba","COMPANY_XRF":"1457","COMPANY_ZONE":"S","HQ_COUNTRY":"Brazil","HQ_COUNTRY_ISO":"BR","LATITUDE":-14.235004,"LISTING_XRF":"2240","LISTING_ZONE":"S","LONGITUDE":-51.92528,"NAME":"COSAN SA","POSTAL_CODE":"04543-011","SECTOR":"CONSTAPL","SHARES":163161741.20000002,"SIMILARS_GROUP":"FOOD","USD_CAP":1918734138.120042},{"ADDRESS":"A-enida Corifeu de Aze-edo Marques Nº 3097","CITY":"Sao Paulo","COMPANY_XRF":"1252","COMPANY_ZONE":"S","HQ_COUNTRY":"Brazil","HQ_COUNTRY_ISO":"BR","LATITUDE":-23.5698479,"LISTING_XRF":"1877","LISTING_ZONE":"S","LONGITUDE":-46.74131879999999,"NAME":"RAIA DROGASIL SA","POSTAL_CODE":"05339-000","SECTOR":"CONSTAPL","SHARES":231270200,"SIMILARS_GROUP":"DRUGSTOR","USD_CAP":3860176210.323934},{"ADDRESS":"A-enida Chedid Jaffet","CITY":"S?o Paulo","COMPANY_XRF":"1435","COMPANY_ZONE":"S","HQ_COUNTRY":"Brazil","HQ_COUNTRY_ISO":"BR","LATITUDE":-14.235004,"LISTING_XRF":"2157","LISTING_ZONE":"S","LONGITUDE":-51.92528,"NAME":"CCR SA","POSTAL_CODE":"04551-065","SECTOR":"TRANSPRT","SHARES":1212000000,"SIMILARS_GROUP":"RAILROAD","USD_CAP":3622960630.944724},{"ADDRESS":"A-enue San Jeronimo 813 Pte","CITY":"Juarez","COMPANY_XRF":"1425","COMPANY_ZONE":"S","HQ_COUNTRY":"Mexico","HQ_COUNTRY_ISO":"MX","LATITUDE":25.6754829,"LISTING_XRF":"2142","LISTING_ZONE":"S","LONGITUDE":-100.3613419,"NAME":"ARCA CONTINENTAL SAB DE CV","POSTAL_CODE":"64640","SECTOR":"CONSTAPL","SHARES":441070789,"SIMILARS_GROUP":"BEVERAGE","USD_CAP":2480432105.579023},{"ADDRESS":"Pca Alfredo E.S. Aranha, 100","CITY":"Sao Paulo","COMPANY_XRF":"195","COMPANY_ZONE":"S","HQ_COUNTRY":"Brazil","HQ_COUNTRY_ISO":"BR","LATITUDE":-14.235004,"LISTING_XRF":"763","LISTING_ZONE":"S","LONGITUDE":-51.92528,"NAME":"ITAU UNIBANCO HOLDING SA","POSTAL_CODE":"01014-919","SECTOR":"FINANCE","SHARES":4845844989,"SIMILARS_GROUP":"BANKS","USD_CAP":40122844172.47201},{"ADDRESS":"Calzada Del -alle Ote 407","CITY":"Garza Garcia","COMPANY_XRF":"926","COMPANY_ZONE":"S","HQ_COUNTRY":"Mexico","HQ_COUNTRY_ISO":"MX","LATITUDE":23.634501,"LISTING_XRF":"1322","LISTING_ZONE":"S","LONGITUDE":-102.552784,"NAME":"Gruma SAB de CV","POSTAL_CODE":"66220","SECTOR":"CONSTAPL","SHARES":212990520,"SIMILARS_GROUP":"FOOD","USD_CAP":2225841142.740835},{"ADDRESS":"A- Bernardo Monteiro","CITY":"Belo Horizonte","COMPANY_XRF":"1462","COMPANY_ZONE":"S","HQ_COUNTRY":"Brazil","HQ_COUNTRY_ISO":"BR","LATITUDE":-19.9325636,"LISTING_XRF":"2262","LISTING_ZONE":"S","LONGITUDE":-43.9295976,"NAME":"LOCALIZA RENT A CAR SA","POSTAL_CODE":"30150-902","SECTOR":"BUSINSRV","SHARES":577879368,"SIMILARS_GROUP":"RENTACAR","USD_CAP":4825671742.394735},{"ADDRESS":"475, Jorge Tzachel Street","CITY":"Itajai","COMPANY_XRF":"1448","COMPANY_ZONE":"S","HQ_COUNTRY":"Brazil","HQ_COUNTRY_ISO":"BR","LATITUDE":-14.235004,"LISTING_XRF":"2172","LISTING_ZONE":"S","LONGITUDE":-51.92528,"NAME":"BRF SA","POSTAL_CODE":"05350-000","SECTOR":"CONSTAPL","SHARES":528107609.90000004,"SIMILARS_GROUP":"FOOD","USD_CAP":3739589875.9137616},{"ADDRESS":"Ejercito Nacional No 373","CITY":"Mexico","COMPANY_XRF":"60","COMPANY_ZONE":"S","HQ_COUNTRY":"Mexico","HQ_COUNTRY_ISO":"MX","LATITUDE":23.634501,"LISTING_XRF":"2298","LISTING_ZONE":"S","LONGITUDE":-102.552784,"NAME":"MEXICHEM SAB DE CV","POSTAL_CODE":"07700","SECTOR":"BUSINSRV","SHARES":1050000000,"SIMILARS_GROUP":"WHLSE OT","USD_CAP":2557324504.6054745},{"ADDRESS":"3000 Av. Revolucion","CITY":"Mexico City","COMPANY_XRF":"925","COMPANY_ZONE":"S","HQ_COUNTRY":"Mexico","HQ_COUNTRY_ISO":"MX","LATITUDE":19.360799,"LISTING_XRF":"1324","LISTING_ZONE":"S","LONGITUDE":-99.269888,"NAME":"Grupo Financiero Banorte SAB de CV","POSTAL_CODE":"05349","SECTOR":"FINANCE","SHARES":2595111527.7000003,"SIMILARS_GROUP":"BANKS","USD_CAP":16867493162.271938},{"ADDRESS":"Calle 7D 43A - 99","CITY":"Barranquilla","COMPANY_XRF":"684","COMPANY_ZONE":"S","HQ_COUNTRY":"Colombia","HQ_COUNTRY_ISO":"CO","LATITUDE":4.570868,"LISTING_XRF":"1255","LISTING_ZONE":"S","LONGITUDE":-74.297333,"NAME":"Cementos Argos SA","POSTAL_CODE":"","SECTOR":"BASICIND","SHARES":460668924,"SIMILARS_GROUP":"CEMENT","USD_CAP":1169507964.6210563},{"ADDRESS":"Av. Luis Carlos Berrini, 1.376","CITY":"Sao Paulo","COMPANY_XRF":"1092","COMPANY_ZONE":"S","HQ_COUNTRY":"Brazil","HQ_COUNTRY_ISO":"BR","LATITUDE":-23.6084933,"LISTING_XRF":"1635","LISTING_ZONE":"S","LONGITUDE":-46.6949356,"NAME":"Telefonnica Brasil SA","POSTAL_CODE":"01321-001","SECTOR":"TELECOMM","SHARES":447736282.40000004,"SIMILARS_GROUP":"PHONE","USD_CAP":5316201136.567642},{"ADDRESS":"474 Rua Amador Bueno","CITY":"S?o Paulo","COMPANY_XRF":"1545","COMPANY_ZONE":"S","HQ_COUNTRY":"Brazil","HQ_COUNTRY_ISO":"BR","LATITUDE":-23.6528208,"LISTING_XRF":"2455","LISTING_ZONE":"S","LONGITUDE":-46.7143489,"NAME":"Banco Santander Brasil SA","POSTAL_CODE":"04543-011","SECTOR":"FINANCE","SHARES":412419207.86,"SIMILARS_GROUP":"BANKS","USD_CAP":4797778940.852383},{"ADDRESS":"Carrera 13","CITY":"Bogota","COMPANY_XRF":"1544","COMPANY_ZONE":"S","HQ_COUNTRY":"Colombia","HQ_COUNTRY_ISO":"CO","LATITUDE":4.6241173,"LISTING_XRF":"2387","LISTING_ZONE":"S","LONGITUDE":-74.0678356,"NAME":"Ecopetrol SA","POSTAL_CODE":"00000","SECTOR":"ENERGY","SHARES":4934003362.8,"SIMILARS_GROUP":"OIL RFNG","USD_CAP":4798030464.216396},{"ADDRESS":"Rodo-ia BR 116-km 18","CITY":"Eusebio","COMPANY_XRF":"1522","COMPANY_ZONE":"S","HQ_COUNTRY":"Brazil","HQ_COUNTRY_ISO":"BR","LATITUDE":-3.9128879,"LISTING_XRF":"2355","LISTING_ZONE":"S","LONGITUDE":-38.49874200000001,"NAME":"M Dias Branco SA","POSTAL_CODE":"61760-000","SECTOR":"BASICIND","SHARES":101700000,"SIMILARS_GROUP":"AGRIBUS","USD_CAP":1041387230.6130047},{"ADDRESS":"Avenida Candido Gaffree, S-N","CITY":"Santos","COMPANY_XRF":"1671","COMPANY_ZONE":"S","HQ_COUNTRY":"Brazil","HQ_COUNTRY_ISO":"BR","LATITUDE":-14.235004,"LISTING_XRF":"2631","LISTING_ZONE":"S","LONGITUDE":-51.92528,"NAME":"RUMO SA","POSTAL_CODE":"11013-240","SECTOR":"","SHARES":1091311128.6,"SIMILARS_GROUP":"","USD_CAP":4788412782.410282},{"ADDRESS":"Ago Alberto 366","CITY":"Mexico","COMPANY_XRF":"1391","COMPANY_ZONE":"S","HQ_COUNTRY":"Mexico","HQ_COUNTRY_ISO":"MX","LATITUDE":23.634501,"LISTING_XRF":"2077","LISTING_ZONE":"S","LONGITUDE":-102.552784,"NAME":"America Movil SAB de CV","POSTAL_CODE":"11320","SECTOR":"TELECOMM","SHARES":33665986196.25,"SIMILARS_GROUP":"CELLULAR","USD_CAP":26330819765.894814},{"ADDRESS":"Alameda Barao de Piracicaba, 618\/634","CITY":"S?o Paulo","COMPANY_XRF":"1461","COMPANY_ZONE":"S","HQ_COUNTRY":"Brazil","HQ_COUNTRY_ISO":"BR","LATITUDE":-23.5315791,"LISTING_XRF":"2261","LISTING_ZONE":"S","LONGITUDE":-46.6450918,"NAME":"Porto Seguro SA","POSTAL_CODE":"01216-012","SECTOR":"FINANCE","SHARES":96987909,"SIMILARS_GROUP":"INS MISC","USD_CAP":1371111970.9240022},{"ADDRESS":"Av. Borges de Medeiros, 633","CITY":"Rio de Janeiro","COMPANY_XRF":"1506","COMPANY_ZONE":"S","HQ_COUNTRY":"Brazil","HQ_COUNTRY_ISO":"BR","LATITUDE":-14.235004,"LISTING_XRF":"2334","LISTING_ZONE":"S","LONGITUDE":-51.92528,"NAME":"BR Malls Participacoes SA","POSTAL_CODE":"22250-040","SECTOR":"REALEST","SHARES":828272774.0999999,"SIMILARS_GROUP":"REALPROP","USD_CAP":2591114496.483537},{"ADDRESS":"A-enida Marginal Direita do Tietê","CITY":"-ila Jaguará","COMPANY_XRF":"1543","COMPANY_ZONE":"S","HQ_COUNTRY":"Brazil","HQ_COUNTRY_ISO":"BR","LATITUDE":-14.235004,"LISTING_XRF":"2386","LISTING_ZONE":"S","LONGITUDE":-51.92528,"NAME":"JBS SA","POSTAL_CODE":"01452 000","SECTOR":"BUSINSRV","SHARES":955061594.1999999,"SIMILARS_GROUP":"WHLSE FD","USD_CAP":4586695024.990164},{"ADDRESS":"Antonio Dovali Jaime No 70","CITY":"Mexico","COMPANY_XRF":"1669","COMPANY_ZONE":"S","HQ_COUNTRY":"Mexico","HQ_COUNTRY_ISO":"MX","LATITUDE":19.3677,"LISTING_XRF":"2627","LISTING_ZONE":"S","LONGITUDE":-99.25863299999999,"NAME":"Fibra Uno Administracion SA de CV","POSTAL_CODE":"01210","SECTOR":"REALEST","SHARES":3372390469.15,"SIMILARS_GROUP":"REIT","USD_CAP":4856978987.483665},{"ADDRESS":"Av. Maria Coelho Aguiar, 215 Bl F 6? And","CITY":"S?o Paulo","COMPANY_XRF":"1247","COMPANY_ZONE":"S","HQ_COUNTRY":"Brazil","HQ_COUNTRY_ISO":"BR","LATITUDE":-14.235004,"LISTING_XRF":"1868","LISTING_ZONE":"S","LONGITUDE":-51.92528,"NAME":"CIA DE BEBIDAS DAS AMERICAS-AMBEV","POSTAL_CODE":"04530","SECTOR":"CONSTAPL","SHARES":4716644193.3,"SIMILARS_GROUP":"BEVERAGE","USD_CAP":20874432765.80982},{"ADDRESS":"A-enida Kennedy 9001","CITY":"Las Condes","COMPANY_XRF":"1447","COMPANY_ZONE":"S","HQ_COUNTRY":"Chile","HQ_COUNTRY_ISO":"CL","LATITUDE":-35.675147,"LISTING_XRF":"2171","LISTING_ZONE":"S","LONGITUDE":-71.542969,"NAME":"Cencosud SA","POSTAL_CODE":"7591567","SECTOR":"CONSTAPL","SHARES":1431564723.5,"SIMILARS_GROUP":"GROCERY","USD_CAP":2889433992.2070394},{"ADDRESS":"13 Edificio One Plaza","CITY":"Medellin","COMPANY_XRF":"1052","COMPANY_ZONE":"S","HQ_COUNTRY":"Colombia","HQ_COUNTRY_ISO":"CO","LATITUDE":4.570868,"LISTING_XRF":"1500","LISTING_ZONE":"S","LONGITUDE":-74.297333,"NAME":"Grupo de Inversiones Suramericana SA","POSTAL_CODE":"05001000","SECTOR":"FINANCE","SHARES":234518630,"SIMILARS_GROUP":"PUR INV","USD_CAP":2636456385.8600864},{"ADDRESS":"Rua Coelho e Castro, 60","CITY":"Osasco","COMPANY_XRF":"1458","COMPANY_ZONE":"S","HQ_COUNTRY":"Brazil","HQ_COUNTRY_ISO":"BR","LATITUDE":-22.8968975,"LISTING_XRF":"2241","LISTING_ZONE":"S","LONGITUDE":-43.184546,"NAME":"B2W CIA DIGITAL","POSTAL_CODE":"04552-000","SECTOR":"CONSDIS","SHARES":182905544,"SIMILARS_GROUP":"RTL.INET","USD_CAP":1716106741.8713243}]